-- phpMyAdmin SQL Dump
-- version 5.0.4
-- https://www.phpmyadmin.net/
--
-- Host: 127.0.0.1
-- Generation Time: Jan 16, 2022 at 03:02 PM
-- Server version: 10.4.17-MariaDB
-- PHP Version: 8.0.1

SET SQL_MODE = "NO_AUTO_VALUE_ON_ZERO";
START TRANSACTION;
SET time_zone = "+00:00";


/*!40101 SET @OLD_CHARACTER_SET_CLIENT=@@CHARACTER_SET_CLIENT */;
/*!40101 SET @OLD_CHARACTER_SET_RESULTS=@@CHARACTER_SET_RESULTS */;
/*!40101 SET @OLD_COLLATION_CONNECTION=@@COLLATION_CONNECTION */;
/*!40101 SET NAMES utf8mb4 */;

--
-- Database: `job_database`
--

-- --------------------------------------------------------

--
-- Table structure for table `failed_jobs`
--

CREATE TABLE `failed_jobs` (
  `id` bigint(20) UNSIGNED NOT NULL,
  `uuid` varchar(255) COLLATE utf8mb4_unicode_ci NOT NULL,
  `connection` text COLLATE utf8mb4_unicode_ci NOT NULL,
  `queue` text COLLATE utf8mb4_unicode_ci NOT NULL,
  `payload` longtext COLLATE utf8mb4_unicode_ci NOT NULL,
  `exception` longtext COLLATE utf8mb4_unicode_ci NOT NULL,
  `failed_at` timestamp NOT NULL DEFAULT current_timestamp()
) ENGINE=InnoDB DEFAULT CHARSET=utf8mb4 COLLATE=utf8mb4_unicode_ci;

--
-- Dumping data for table `failed_jobs`
--

INSERT INTO `failed_jobs` (`id`, `uuid`, `connection`, `queue`, `payload`, `exception`, `failed_at`) VALUES
(1, 'd53b6f66-2a41-4bd1-9244-5c1e35d88d87', 'database', 'default', '{\"uuid\":\"d53b6f66-2a41-4bd1-9244-5c1e35d88d87\",\"displayName\":\"App\\\\Jobs\\\\NotifyMangersWithJob\",\"job\":\"Illuminate\\\\Queue\\\\CallQueuedHandler@call\",\"maxTries\":null,\"maxExceptions\":null,\"failOnTimeout\":false,\"backoff\":null,\"timeout\":null,\"retryUntil\":null,\"data\":{\"commandName\":\"App\\\\Jobs\\\\NotifyMangersWithJob\",\"command\":\"O:29:\\\"App\\\\Jobs\\\\NotifyMangersWithJob\\\":11:{s:4:\\\"data\\\";O:45:\\\"Illuminate\\\\Contracts\\\\Database\\\\ModelIdentifier\\\":4:{s:5:\\\"class\\\";s:15:\\\"App\\\\Models\\\\User\\\";s:2:\\\"id\\\";a:1:{i:0;i:3;}s:9:\\\"relations\\\";a:0:{}s:10:\\\"connection\\\";s:5:\\\"mysql\\\";}s:3:\\\"job\\\";N;s:10:\\\"connection\\\";N;s:5:\\\"queue\\\";N;s:15:\\\"chainConnection\\\";N;s:10:\\\"chainQueue\\\";N;s:19:\\\"chainCatchCallbacks\\\";N;s:5:\\\"delay\\\";N;s:11:\\\"afterCommit\\\";N;s:10:\\\"middleware\\\";a:0:{}s:7:\\\"chained\\\";a:0:{}}\"}}', 'Swift_TransportException: Connection could not be established with host mailhog :stream_socket_client(): php_network_getaddresses: getaddrinfo failed: No such host is known.  in C:\\one\\htdocs\\Mine\\JCreatetask\\vendor\\swiftmailer\\swiftmailer\\lib\\classes\\Swift\\Transport\\StreamBuffer.php:261\nStack trace:\n#0 [internal function]: Swift_Transport_StreamBuffer->{closure}(2, \'stream_socket_c...\', \'C:\\\\one\\\\htdocs\\\\M...\', 264, Array)\n#1 C:\\one\\htdocs\\Mine\\JCreatetask\\vendor\\swiftmailer\\swiftmailer\\lib\\classes\\Swift\\Transport\\StreamBuffer.php(264): stream_socket_client(\'mailhog:1025\', 0, \'php_network_get...\', 30, 4, Resource id #759)\n#2 C:\\one\\htdocs\\Mine\\JCreatetask\\vendor\\swiftmailer\\swiftmailer\\lib\\classes\\Swift\\Transport\\StreamBuffer.php(58): Swift_Transport_StreamBuffer->establishSocketConnection()\n#3 C:\\one\\htdocs\\Mine\\JCreatetask\\vendor\\swiftmailer\\swiftmailer\\lib\\classes\\Swift\\Transport\\AbstractSmtpTransport.php(143): Swift_Transport_StreamBuffer->initialize(Array)\n#4 C:\\one\\htdocs\\Mine\\JCreatetask\\vendor\\swiftmailer\\swiftmailer\\lib\\classes\\Swift\\Mailer.php(65): Swift_Transport_AbstractSmtpTransport->start()\n#5 C:\\one\\htdocs\\Mine\\JCreatetask\\vendor\\laravel\\framework\\src\\Illuminate\\Mail\\Mailer.php(521): Swift_Mailer->send(Object(Swift_Message), Array)\n#6 C:\\one\\htdocs\\Mine\\JCreatetask\\vendor\\laravel\\framework\\src\\Illuminate\\Mail\\Mailer.php(288): Illuminate\\Mail\\Mailer->sendSwiftMessage(Object(Swift_Message))\n#7 C:\\one\\htdocs\\Mine\\JCreatetask\\vendor\\laravel\\framework\\src\\Illuminate\\Mail\\Mailable.php(187): Illuminate\\Mail\\Mailer->send(\'mails.SendCreat...\', Array, Object(Closure))\n#8 C:\\one\\htdocs\\Mine\\JCreatetask\\vendor\\laravel\\framework\\src\\Illuminate\\Support\\Traits\\Localizable.php(19): Illuminate\\Mail\\Mailable->Illuminate\\Mail\\{closure}()\n#9 C:\\one\\htdocs\\Mine\\JCreatetask\\vendor\\laravel\\framework\\src\\Illuminate\\Mail\\Mailable.php(188): Illuminate\\Mail\\Mailable->withLocale(NULL, Object(Closure))\n#10 C:\\one\\htdocs\\Mine\\JCreatetask\\vendor\\laravel\\framework\\src\\Illuminate\\Mail\\Mailer.php(304): Illuminate\\Mail\\Mailable->send(Object(Illuminate\\Mail\\Mailer))\n#11 C:\\one\\htdocs\\Mine\\JCreatetask\\vendor\\laravel\\framework\\src\\Illuminate\\Mail\\Mailer.php(258): Illuminate\\Mail\\Mailer->sendMailable(Object(App\\Mail\\SendCreatedJobEmail))\n#12 C:\\one\\htdocs\\Mine\\JCreatetask\\vendor\\laravel\\framework\\src\\Illuminate\\Mail\\PendingMail.php(124): Illuminate\\Mail\\Mailer->send(Object(App\\Mail\\SendCreatedJobEmail))\n#13 C:\\one\\htdocs\\Mine\\JCreatetask\\app\\Jobs\\NotifyMangersWithJob.php(37): Illuminate\\Mail\\PendingMail->send(Object(App\\Mail\\SendCreatedJobEmail))\n#14 C:\\one\\htdocs\\Mine\\JCreatetask\\vendor\\laravel\\framework\\src\\Illuminate\\Container\\BoundMethod.php(36): App\\Jobs\\NotifyMangersWithJob->handle()\n#15 C:\\one\\htdocs\\Mine\\JCreatetask\\vendor\\laravel\\framework\\src\\Illuminate\\Container\\Util.php(40): Illuminate\\Container\\BoundMethod::Illuminate\\Container\\{closure}()\n#16 C:\\one\\htdocs\\Mine\\JCreatetask\\vendor\\laravel\\framework\\src\\Illuminate\\Container\\BoundMethod.php(93): Illuminate\\Container\\Util::unwrapIfClosure(Object(Closure))\n#17 C:\\one\\htdocs\\Mine\\JCreatetask\\vendor\\laravel\\framework\\src\\Illuminate\\Container\\BoundMethod.php(37): Illuminate\\Container\\BoundMethod::callBoundMethod(Object(Illuminate\\Foundation\\Application), Array, Object(Closure))\n#18 C:\\one\\htdocs\\Mine\\JCreatetask\\vendor\\laravel\\framework\\src\\Illuminate\\Container\\Container.php(653): Illuminate\\Container\\BoundMethod::call(Object(Illuminate\\Foundation\\Application), Array, Array, NULL)\n#19 C:\\one\\htdocs\\Mine\\JCreatetask\\vendor\\laravel\\framework\\src\\Illuminate\\Bus\\Dispatcher.php(128): Illuminate\\Container\\Container->call(Array)\n#20 C:\\one\\htdocs\\Mine\\JCreatetask\\vendor\\laravel\\framework\\src\\Illuminate\\Pipeline\\Pipeline.php(128): Illuminate\\Bus\\Dispatcher->Illuminate\\Bus\\{closure}(Object(App\\Jobs\\NotifyMangersWithJob))\n#21 C:\\one\\htdocs\\Mine\\JCreatetask\\vendor\\laravel\\framework\\src\\Illuminate\\Pipeline\\Pipeline.php(103): Illuminate\\Pipeline\\Pipeline->Illuminate\\Pipeline\\{closure}(Object(App\\Jobs\\NotifyMangersWithJob))\n#22 C:\\one\\htdocs\\Mine\\JCreatetask\\vendor\\laravel\\framework\\src\\Illuminate\\Bus\\Dispatcher.php(132): Illuminate\\Pipeline\\Pipeline->then(Object(Closure))\n#23 C:\\one\\htdocs\\Mine\\JCreatetask\\vendor\\laravel\\framework\\src\\Illuminate\\Queue\\CallQueuedHandler.php(120): Illuminate\\Bus\\Dispatcher->dispatchNow(Object(App\\Jobs\\NotifyMangersWithJob), false)\n#24 C:\\one\\htdocs\\Mine\\JCreatetask\\vendor\\laravel\\framework\\src\\Illuminate\\Pipeline\\Pipeline.php(128): Illuminate\\Queue\\CallQueuedHandler->Illuminate\\Queue\\{closure}(Object(App\\Jobs\\NotifyMangersWithJob))\n#25 C:\\one\\htdocs\\Mine\\JCreatetask\\vendor\\laravel\\framework\\src\\Illuminate\\Pipeline\\Pipeline.php(103): Illuminate\\Pipeline\\Pipeline->Illuminate\\Pipeline\\{closure}(Object(App\\Jobs\\NotifyMangersWithJob))\n#26 C:\\one\\htdocs\\Mine\\JCreatetask\\vendor\\laravel\\framework\\src\\Illuminate\\Queue\\CallQueuedHandler.php(122): Illuminate\\Pipeline\\Pipeline->then(Object(Closure))\n#27 C:\\one\\htdocs\\Mine\\JCreatetask\\vendor\\laravel\\framework\\src\\Illuminate\\Queue\\CallQueuedHandler.php(70): Illuminate\\Queue\\CallQueuedHandler->dispatchThroughMiddleware(Object(Illuminate\\Queue\\Jobs\\DatabaseJob), Object(App\\Jobs\\NotifyMangersWithJob))\n#28 C:\\one\\htdocs\\Mine\\JCreatetask\\vendor\\laravel\\framework\\src\\Illuminate\\Queue\\Jobs\\Job.php(98): Illuminate\\Queue\\CallQueuedHandler->call(Object(Illuminate\\Queue\\Jobs\\DatabaseJob), Array)\n#29 C:\\one\\htdocs\\Mine\\JCreatetask\\vendor\\laravel\\framework\\src\\Illuminate\\Queue\\Worker.php(428): Illuminate\\Queue\\Jobs\\Job->fire()\n#30 C:\\one\\htdocs\\Mine\\JCreatetask\\vendor\\laravel\\framework\\src\\Illuminate\\Queue\\Worker.php(378): Illuminate\\Queue\\Worker->process(\'database\', Object(Illuminate\\Queue\\Jobs\\DatabaseJob), Object(Illuminate\\Queue\\WorkerOptions))\n#31 C:\\one\\htdocs\\Mine\\JCreatetask\\vendor\\laravel\\framework\\src\\Illuminate\\Queue\\Worker.php(172): Illuminate\\Queue\\Worker->runJob(Object(Illuminate\\Queue\\Jobs\\DatabaseJob), \'database\', Object(Illuminate\\Queue\\WorkerOptions))\n#32 C:\\one\\htdocs\\Mine\\JCreatetask\\vendor\\laravel\\framework\\src\\Illuminate\\Queue\\Console\\WorkCommand.php(117): Illuminate\\Queue\\Worker->daemon(\'database\', \'default\', Object(Illuminate\\Queue\\WorkerOptions))\n#33 C:\\one\\htdocs\\Mine\\JCreatetask\\vendor\\laravel\\framework\\src\\Illuminate\\Queue\\Console\\WorkCommand.php(101): Illuminate\\Queue\\Console\\WorkCommand->runWorker(\'database\', \'default\')\n#34 C:\\one\\htdocs\\Mine\\JCreatetask\\vendor\\laravel\\framework\\src\\Illuminate\\Container\\BoundMethod.php(36): Illuminate\\Queue\\Console\\WorkCommand->handle()\n#35 C:\\one\\htdocs\\Mine\\JCreatetask\\vendor\\laravel\\framework\\src\\Illuminate\\Container\\Util.php(40): Illuminate\\Container\\BoundMethod::Illuminate\\Container\\{closure}()\n#36 C:\\one\\htdocs\\Mine\\JCreatetask\\vendor\\laravel\\framework\\src\\Illuminate\\Container\\BoundMethod.php(93): Illuminate\\Container\\Util::unwrapIfClosure(Object(Closure))\n#37 C:\\one\\htdocs\\Mine\\JCreatetask\\vendor\\laravel\\framework\\src\\Illuminate\\Container\\BoundMethod.php(37): Illuminate\\Container\\BoundMethod::callBoundMethod(Object(Illuminate\\Foundation\\Application), Array, Object(Closure))\n#38 C:\\one\\htdocs\\Mine\\JCreatetask\\vendor\\laravel\\framework\\src\\Illuminate\\Container\\Container.php(653): Illuminate\\Container\\BoundMethod::call(Object(Illuminate\\Foundation\\Application), Array, Array, NULL)\n#39 C:\\one\\htdocs\\Mine\\JCreatetask\\vendor\\laravel\\framework\\src\\Illuminate\\Console\\Command.php(136): Illuminate\\Container\\Container->call(Array)\n#40 C:\\one\\htdocs\\Mine\\JCreatetask\\vendor\\symfony\\console\\Command\\Command.php(298): Illuminate\\Console\\Command->execute(Object(Symfony\\Component\\Console\\Input\\ArgvInput), Object(Illuminate\\Console\\OutputStyle))\n#41 C:\\one\\htdocs\\Mine\\JCreatetask\\vendor\\laravel\\framework\\src\\Illuminate\\Console\\Command.php(121): Symfony\\Component\\Console\\Command\\Command->run(Object(Symfony\\Component\\Console\\Input\\ArgvInput), Object(Illuminate\\Console\\OutputStyle))\n#42 C:\\one\\htdocs\\Mine\\JCreatetask\\vendor\\symfony\\console\\Application.php(1005): Illuminate\\Console\\Command->run(Object(Symfony\\Component\\Console\\Input\\ArgvInput), Object(Symfony\\Component\\Console\\Output\\ConsoleOutput))\n#43 C:\\one\\htdocs\\Mine\\JCreatetask\\vendor\\symfony\\console\\Application.php(299): Symfony\\Component\\Console\\Application->doRunCommand(Object(Illuminate\\Queue\\Console\\WorkCommand), Object(Symfony\\Component\\Console\\Input\\ArgvInput), Object(Symfony\\Component\\Console\\Output\\ConsoleOutput))\n#44 C:\\one\\htdocs\\Mine\\JCreatetask\\vendor\\symfony\\console\\Application.php(171): Symfony\\Component\\Console\\Application->doRun(Object(Symfony\\Component\\Console\\Input\\ArgvInput), Object(Symfony\\Component\\Console\\Output\\ConsoleOutput))\n#45 C:\\one\\htdocs\\Mine\\JCreatetask\\vendor\\laravel\\framework\\src\\Illuminate\\Console\\Application.php(94): Symfony\\Component\\Console\\Application->run(Object(Symfony\\Component\\Console\\Input\\ArgvInput), Object(Symfony\\Component\\Console\\Output\\ConsoleOutput))\n#46 C:\\one\\htdocs\\Mine\\JCreatetask\\vendor\\laravel\\framework\\src\\Illuminate\\Foundation\\Console\\Kernel.php(129): Illuminate\\Console\\Application->run(Object(Symfony\\Component\\Console\\Input\\ArgvInput), Object(Symfony\\Component\\Console\\Output\\ConsoleOutput))\n#47 C:\\one\\htdocs\\Mine\\JCreatetask\\artisan(37): Illuminate\\Foundation\\Console\\Kernel->handle(Object(Symfony\\Component\\Console\\Input\\ArgvInput), Object(Symfony\\Component\\Console\\Output\\ConsoleOutput))\n#48 {main}', '2022-01-15 16:45:08'),
(2, '0e744da7-1b5d-424d-87ae-89ef30d6ba09', 'database', 'default', '{\"uuid\":\"0e744da7-1b5d-424d-87ae-89ef30d6ba09\",\"displayName\":\"App\\\\Jobs\\\\NotifyMangersWithJob\",\"job\":\"Illuminate\\\\Queue\\\\CallQueuedHandler@call\",\"maxTries\":null,\"maxExceptions\":null,\"failOnTimeout\":false,\"backoff\":null,\"timeout\":null,\"retryUntil\":null,\"data\":{\"commandName\":\"App\\\\Jobs\\\\NotifyMangersWithJob\",\"command\":\"O:29:\\\"App\\\\Jobs\\\\NotifyMangersWithJob\\\":11:{s:4:\\\"data\\\";O:45:\\\"Illuminate\\\\Contracts\\\\Database\\\\ModelIdentifier\\\":4:{s:5:\\\"class\\\";s:15:\\\"App\\\\Models\\\\User\\\";s:2:\\\"id\\\";a:1:{i:0;i:3;}s:9:\\\"relations\\\";a:0:{}s:10:\\\"connection\\\";s:5:\\\"mysql\\\";}s:3:\\\"job\\\";N;s:10:\\\"connection\\\";N;s:5:\\\"queue\\\";N;s:15:\\\"chainConnection\\\";N;s:10:\\\"chainQueue\\\";N;s:19:\\\"chainCatchCallbacks\\\";N;s:5:\\\"delay\\\";N;s:11:\\\"afterCommit\\\";N;s:10:\\\"middleware\\\";a:0:{}s:7:\\\"chained\\\";a:0:{}}\"}}', 'Swift_TransportException: Connection could not be established with host mailhog :stream_socket_client(): php_network_getaddresses: getaddrinfo failed: No such host is known.  in C:\\one\\htdocs\\Mine\\JCreatetask\\vendor\\swiftmailer\\swiftmailer\\lib\\classes\\Swift\\Transport\\StreamBuffer.php:261\nStack trace:\n#0 [internal function]: Swift_Transport_StreamBuffer->{closure}(2, \'stream_socket_c...\', \'C:\\\\one\\\\htdocs\\\\M...\', 264, Array)\n#1 C:\\one\\htdocs\\Mine\\JCreatetask\\vendor\\swiftmailer\\swiftmailer\\lib\\classes\\Swift\\Transport\\StreamBuffer.php(264): stream_socket_client(\'mailhog:1025\', 0, \'php_network_get...\', 30, 4, Resource id #794)\n#2 C:\\one\\htdocs\\Mine\\JCreatetask\\vendor\\swiftmailer\\swiftmailer\\lib\\classes\\Swift\\Transport\\StreamBuffer.php(58): Swift_Transport_StreamBuffer->establishSocketConnection()\n#3 C:\\one\\htdocs\\Mine\\JCreatetask\\vendor\\swiftmailer\\swiftmailer\\lib\\classes\\Swift\\Transport\\AbstractSmtpTransport.php(143): Swift_Transport_StreamBuffer->initialize(Array)\n#4 C:\\one\\htdocs\\Mine\\JCreatetask\\vendor\\swiftmailer\\swiftmailer\\lib\\classes\\Swift\\Mailer.php(65): Swift_Transport_AbstractSmtpTransport->start()\n#5 C:\\one\\htdocs\\Mine\\JCreatetask\\vendor\\laravel\\framework\\src\\Illuminate\\Mail\\Mailer.php(521): Swift_Mailer->send(Object(Swift_Message), Array)\n#6 C:\\one\\htdocs\\Mine\\JCreatetask\\vendor\\laravel\\framework\\src\\Illuminate\\Mail\\Mailer.php(288): Illuminate\\Mail\\Mailer->sendSwiftMessage(Object(Swift_Message))\n#7 C:\\one\\htdocs\\Mine\\JCreatetask\\vendor\\laravel\\framework\\src\\Illuminate\\Mail\\Mailable.php(187): Illuminate\\Mail\\Mailer->send(\'mails.SendCreat...\', Array, Object(Closure))\n#8 C:\\one\\htdocs\\Mine\\JCreatetask\\vendor\\laravel\\framework\\src\\Illuminate\\Support\\Traits\\Localizable.php(19): Illuminate\\Mail\\Mailable->Illuminate\\Mail\\{closure}()\n#9 C:\\one\\htdocs\\Mine\\JCreatetask\\vendor\\laravel\\framework\\src\\Illuminate\\Mail\\Mailable.php(188): Illuminate\\Mail\\Mailable->withLocale(NULL, Object(Closure))\n#10 C:\\one\\htdocs\\Mine\\JCreatetask\\vendor\\laravel\\framework\\src\\Illuminate\\Mail\\Mailer.php(304): Illuminate\\Mail\\Mailable->send(Object(Illuminate\\Mail\\Mailer))\n#11 C:\\one\\htdocs\\Mine\\JCreatetask\\vendor\\laravel\\framework\\src\\Illuminate\\Mail\\Mailer.php(258): Illuminate\\Mail\\Mailer->sendMailable(Object(App\\Mail\\SendCreatedJobEmail))\n#12 C:\\one\\htdocs\\Mine\\JCreatetask\\vendor\\laravel\\framework\\src\\Illuminate\\Mail\\PendingMail.php(124): Illuminate\\Mail\\Mailer->send(Object(App\\Mail\\SendCreatedJobEmail))\n#13 C:\\one\\htdocs\\Mine\\JCreatetask\\app\\Jobs\\NotifyMangersWithJob.php(37): Illuminate\\Mail\\PendingMail->send(Object(App\\Mail\\SendCreatedJobEmail))\n#14 C:\\one\\htdocs\\Mine\\JCreatetask\\vendor\\laravel\\framework\\src\\Illuminate\\Container\\BoundMethod.php(36): App\\Jobs\\NotifyMangersWithJob->handle()\n#15 C:\\one\\htdocs\\Mine\\JCreatetask\\vendor\\laravel\\framework\\src\\Illuminate\\Container\\Util.php(40): Illuminate\\Container\\BoundMethod::Illuminate\\Container\\{closure}()\n#16 C:\\one\\htdocs\\Mine\\JCreatetask\\vendor\\laravel\\framework\\src\\Illuminate\\Container\\BoundMethod.php(93): Illuminate\\Container\\Util::unwrapIfClosure(Object(Closure))\n#17 C:\\one\\htdocs\\Mine\\JCreatetask\\vendor\\laravel\\framework\\src\\Illuminate\\Container\\BoundMethod.php(37): Illuminate\\Container\\BoundMethod::callBoundMethod(Object(Illuminate\\Foundation\\Application), Array, Object(Closure))\n#18 C:\\one\\htdocs\\Mine\\JCreatetask\\vendor\\laravel\\framework\\src\\Illuminate\\Container\\Container.php(653): Illuminate\\Container\\BoundMethod::call(Object(Illuminate\\Foundation\\Application), Array, Array, NULL)\n#19 C:\\one\\htdocs\\Mine\\JCreatetask\\vendor\\laravel\\framework\\src\\Illuminate\\Bus\\Dispatcher.php(128): Illuminate\\Container\\Container->call(Array)\n#20 C:\\one\\htdocs\\Mine\\JCreatetask\\vendor\\laravel\\framework\\src\\Illuminate\\Pipeline\\Pipeline.php(128): Illuminate\\Bus\\Dispatcher->Illuminate\\Bus\\{closure}(Object(App\\Jobs\\NotifyMangersWithJob))\n#21 C:\\one\\htdocs\\Mine\\JCreatetask\\vendor\\laravel\\framework\\src\\Illuminate\\Pipeline\\Pipeline.php(103): Illuminate\\Pipeline\\Pipeline->Illuminate\\Pipeline\\{closure}(Object(App\\Jobs\\NotifyMangersWithJob))\n#22 C:\\one\\htdocs\\Mine\\JCreatetask\\vendor\\laravel\\framework\\src\\Illuminate\\Bus\\Dispatcher.php(132): Illuminate\\Pipeline\\Pipeline->then(Object(Closure))\n#23 C:\\one\\htdocs\\Mine\\JCreatetask\\vendor\\laravel\\framework\\src\\Illuminate\\Queue\\CallQueuedHandler.php(120): Illuminate\\Bus\\Dispatcher->dispatchNow(Object(App\\Jobs\\NotifyMangersWithJob), false)\n#24 C:\\one\\htdocs\\Mine\\JCreatetask\\vendor\\laravel\\framework\\src\\Illuminate\\Pipeline\\Pipeline.php(128): Illuminate\\Queue\\CallQueuedHandler->Illuminate\\Queue\\{closure}(Object(App\\Jobs\\NotifyMangersWithJob))\n#25 C:\\one\\htdocs\\Mine\\JCreatetask\\vendor\\laravel\\framework\\src\\Illuminate\\Pipeline\\Pipeline.php(103): Illuminate\\Pipeline\\Pipeline->Illuminate\\Pipeline\\{closure}(Object(App\\Jobs\\NotifyMangersWithJob))\n#26 C:\\one\\htdocs\\Mine\\JCreatetask\\vendor\\laravel\\framework\\src\\Illuminate\\Queue\\CallQueuedHandler.php(122): Illuminate\\Pipeline\\Pipeline->then(Object(Closure))\n#27 C:\\one\\htdocs\\Mine\\JCreatetask\\vendor\\laravel\\framework\\src\\Illuminate\\Queue\\CallQueuedHandler.php(70): Illuminate\\Queue\\CallQueuedHandler->dispatchThroughMiddleware(Object(Illuminate\\Queue\\Jobs\\DatabaseJob), Object(App\\Jobs\\NotifyMangersWithJob))\n#28 C:\\one\\htdocs\\Mine\\JCreatetask\\vendor\\laravel\\framework\\src\\Illuminate\\Queue\\Jobs\\Job.php(98): Illuminate\\Queue\\CallQueuedHandler->call(Object(Illuminate\\Queue\\Jobs\\DatabaseJob), Array)\n#29 C:\\one\\htdocs\\Mine\\JCreatetask\\vendor\\laravel\\framework\\src\\Illuminate\\Queue\\Worker.php(428): Illuminate\\Queue\\Jobs\\Job->fire()\n#30 C:\\one\\htdocs\\Mine\\JCreatetask\\vendor\\laravel\\framework\\src\\Illuminate\\Queue\\Worker.php(378): Illuminate\\Queue\\Worker->process(\'database\', Object(Illuminate\\Queue\\Jobs\\DatabaseJob), Object(Illuminate\\Queue\\WorkerOptions))\n#31 C:\\one\\htdocs\\Mine\\JCreatetask\\vendor\\laravel\\framework\\src\\Illuminate\\Queue\\Worker.php(172): Illuminate\\Queue\\Worker->runJob(Object(Illuminate\\Queue\\Jobs\\DatabaseJob), \'database\', Object(Illuminate\\Queue\\WorkerOptions))\n#32 C:\\one\\htdocs\\Mine\\JCreatetask\\vendor\\laravel\\framework\\src\\Illuminate\\Queue\\Console\\WorkCommand.php(117): Illuminate\\Queue\\Worker->daemon(\'database\', \'default\', Object(Illuminate\\Queue\\WorkerOptions))\n#33 C:\\one\\htdocs\\Mine\\JCreatetask\\vendor\\laravel\\framework\\src\\Illuminate\\Queue\\Console\\WorkCommand.php(101): Illuminate\\Queue\\Console\\WorkCommand->runWorker(\'database\', \'default\')\n#34 C:\\one\\htdocs\\Mine\\JCreatetask\\vendor\\laravel\\framework\\src\\Illuminate\\Container\\BoundMethod.php(36): Illuminate\\Queue\\Console\\WorkCommand->handle()\n#35 C:\\one\\htdocs\\Mine\\JCreatetask\\vendor\\laravel\\framework\\src\\Illuminate\\Container\\Util.php(40): Illuminate\\Container\\BoundMethod::Illuminate\\Container\\{closure}()\n#36 C:\\one\\htdocs\\Mine\\JCreatetask\\vendor\\laravel\\framework\\src\\Illuminate\\Container\\BoundMethod.php(93): Illuminate\\Container\\Util::unwrapIfClosure(Object(Closure))\n#37 C:\\one\\htdocs\\Mine\\JCreatetask\\vendor\\laravel\\framework\\src\\Illuminate\\Container\\BoundMethod.php(37): Illuminate\\Container\\BoundMethod::callBoundMethod(Object(Illuminate\\Foundation\\Application), Array, Object(Closure))\n#38 C:\\one\\htdocs\\Mine\\JCreatetask\\vendor\\laravel\\framework\\src\\Illuminate\\Container\\Container.php(653): Illuminate\\Container\\BoundMethod::call(Object(Illuminate\\Foundation\\Application), Array, Array, NULL)\n#39 C:\\one\\htdocs\\Mine\\JCreatetask\\vendor\\laravel\\framework\\src\\Illuminate\\Console\\Command.php(136): Illuminate\\Container\\Container->call(Array)\n#40 C:\\one\\htdocs\\Mine\\JCreatetask\\vendor\\symfony\\console\\Command\\Command.php(298): Illuminate\\Console\\Command->execute(Object(Symfony\\Component\\Console\\Input\\ArgvInput), Object(Illuminate\\Console\\OutputStyle))\n#41 C:\\one\\htdocs\\Mine\\JCreatetask\\vendor\\laravel\\framework\\src\\Illuminate\\Console\\Command.php(121): Symfony\\Component\\Console\\Command\\Command->run(Object(Symfony\\Component\\Console\\Input\\ArgvInput), Object(Illuminate\\Console\\OutputStyle))\n#42 C:\\one\\htdocs\\Mine\\JCreatetask\\vendor\\symfony\\console\\Application.php(1005): Illuminate\\Console\\Command->run(Object(Symfony\\Component\\Console\\Input\\ArgvInput), Object(Symfony\\Component\\Console\\Output\\ConsoleOutput))\n#43 C:\\one\\htdocs\\Mine\\JCreatetask\\vendor\\symfony\\console\\Application.php(299): Symfony\\Component\\Console\\Application->doRunCommand(Object(Illuminate\\Queue\\Console\\WorkCommand), Object(Symfony\\Component\\Console\\Input\\ArgvInput), Object(Symfony\\Component\\Console\\Output\\ConsoleOutput))\n#44 C:\\one\\htdocs\\Mine\\JCreatetask\\vendor\\symfony\\console\\Application.php(171): Symfony\\Component\\Console\\Application->doRun(Object(Symfony\\Component\\Console\\Input\\ArgvInput), Object(Symfony\\Component\\Console\\Output\\ConsoleOutput))\n#45 C:\\one\\htdocs\\Mine\\JCreatetask\\vendor\\laravel\\framework\\src\\Illuminate\\Console\\Application.php(94): Symfony\\Component\\Console\\Application->run(Object(Symfony\\Component\\Console\\Input\\ArgvInput), Object(Symfony\\Component\\Console\\Output\\ConsoleOutput))\n#46 C:\\one\\htdocs\\Mine\\JCreatetask\\vendor\\laravel\\framework\\src\\Illuminate\\Foundation\\Console\\Kernel.php(129): Illuminate\\Console\\Application->run(Object(Symfony\\Component\\Console\\Input\\ArgvInput), Object(Symfony\\Component\\Console\\Output\\ConsoleOutput))\n#47 C:\\one\\htdocs\\Mine\\JCreatetask\\artisan(37): Illuminate\\Foundation\\Console\\Kernel->handle(Object(Symfony\\Component\\Console\\Input\\ArgvInput), Object(Symfony\\Component\\Console\\Output\\ConsoleOutput))\n#48 {main}', '2022-01-15 16:45:11'),
(3, '1e0456d9-a9ca-45e0-b054-004b42378ab9', 'database', 'default', '{\"uuid\":\"1e0456d9-a9ca-45e0-b054-004b42378ab9\",\"displayName\":\"App\\\\Jobs\\\\NotifyMangersWithJob\",\"job\":\"Illuminate\\\\Queue\\\\CallQueuedHandler@call\",\"maxTries\":null,\"maxExceptions\":null,\"failOnTimeout\":false,\"backoff\":null,\"timeout\":null,\"retryUntil\":null,\"data\":{\"commandName\":\"App\\\\Jobs\\\\NotifyMangersWithJob\",\"command\":\"O:29:\\\"App\\\\Jobs\\\\NotifyMangersWithJob\\\":11:{s:4:\\\"data\\\";O:45:\\\"Illuminate\\\\Contracts\\\\Database\\\\ModelIdentifier\\\":4:{s:5:\\\"class\\\";s:15:\\\"App\\\\Models\\\\User\\\";s:2:\\\"id\\\";a:1:{i:0;i:3;}s:9:\\\"relations\\\";a:0:{}s:10:\\\"connection\\\";s:5:\\\"mysql\\\";}s:3:\\\"job\\\";N;s:10:\\\"connection\\\";N;s:5:\\\"queue\\\";N;s:15:\\\"chainConnection\\\";N;s:10:\\\"chainQueue\\\";N;s:19:\\\"chainCatchCallbacks\\\";N;s:5:\\\"delay\\\";N;s:11:\\\"afterCommit\\\";N;s:10:\\\"middleware\\\";a:0:{}s:7:\\\"chained\\\";a:0:{}}\"}}', 'Swift_TransportException: Connection could not be established with host mailhog :stream_socket_client(): php_network_getaddresses: getaddrinfo failed: No such host is known.  in C:\\one\\htdocs\\Mine\\JCreatetask\\vendor\\swiftmailer\\swiftmailer\\lib\\classes\\Swift\\Transport\\StreamBuffer.php:261\nStack trace:\n#0 [internal function]: Swift_Transport_StreamBuffer->{closure}(2, \'stream_socket_c...\', \'C:\\\\one\\\\htdocs\\\\M...\', 264, Array)\n#1 C:\\one\\htdocs\\Mine\\JCreatetask\\vendor\\swiftmailer\\swiftmailer\\lib\\classes\\Swift\\Transport\\StreamBuffer.php(264): stream_socket_client(\'mailhog:1025\', 0, \'php_network_get...\', 30, 4, Resource id #797)\n#2 C:\\one\\htdocs\\Mine\\JCreatetask\\vendor\\swiftmailer\\swiftmailer\\lib\\classes\\Swift\\Transport\\StreamBuffer.php(58): Swift_Transport_StreamBuffer->establishSocketConnection()\n#3 C:\\one\\htdocs\\Mine\\JCreatetask\\vendor\\swiftmailer\\swiftmailer\\lib\\classes\\Swift\\Transport\\AbstractSmtpTransport.php(143): Swift_Transport_StreamBuffer->initialize(Array)\n#4 C:\\one\\htdocs\\Mine\\JCreatetask\\vendor\\swiftmailer\\swiftmailer\\lib\\classes\\Swift\\Mailer.php(65): Swift_Transport_AbstractSmtpTransport->start()\n#5 C:\\one\\htdocs\\Mine\\JCreatetask\\vendor\\laravel\\framework\\src\\Illuminate\\Mail\\Mailer.php(521): Swift_Mailer->send(Object(Swift_Message), Array)\n#6 C:\\one\\htdocs\\Mine\\JCreatetask\\vendor\\laravel\\framework\\src\\Illuminate\\Mail\\Mailer.php(288): Illuminate\\Mail\\Mailer->sendSwiftMessage(Object(Swift_Message))\n#7 C:\\one\\htdocs\\Mine\\JCreatetask\\vendor\\laravel\\framework\\src\\Illuminate\\Mail\\Mailable.php(187): Illuminate\\Mail\\Mailer->send(\'mails.SendCreat...\', Array, Object(Closure))\n#8 C:\\one\\htdocs\\Mine\\JCreatetask\\vendor\\laravel\\framework\\src\\Illuminate\\Support\\Traits\\Localizable.php(19): Illuminate\\Mail\\Mailable->Illuminate\\Mail\\{closure}()\n#9 C:\\one\\htdocs\\Mine\\JCreatetask\\vendor\\laravel\\framework\\src\\Illuminate\\Mail\\Mailable.php(188): Illuminate\\Mail\\Mailable->withLocale(NULL, Object(Closure))\n#10 C:\\one\\htdocs\\Mine\\JCreatetask\\vendor\\laravel\\framework\\src\\Illuminate\\Mail\\Mailer.php(304): Illuminate\\Mail\\Mailable->send(Object(Illuminate\\Mail\\Mailer))\n#11 C:\\one\\htdocs\\Mine\\JCreatetask\\vendor\\laravel\\framework\\src\\Illuminate\\Mail\\Mailer.php(258): Illuminate\\Mail\\Mailer->sendMailable(Object(App\\Mail\\SendCreatedJobEmail))\n#12 C:\\one\\htdocs\\Mine\\JCreatetask\\vendor\\laravel\\framework\\src\\Illuminate\\Mail\\PendingMail.php(124): Illuminate\\Mail\\Mailer->send(Object(App\\Mail\\SendCreatedJobEmail))\n#13 C:\\one\\htdocs\\Mine\\JCreatetask\\app\\Jobs\\NotifyMangersWithJob.php(37): Illuminate\\Mail\\PendingMail->send(Object(App\\Mail\\SendCreatedJobEmail))\n#14 C:\\one\\htdocs\\Mine\\JCreatetask\\vendor\\laravel\\framework\\src\\Illuminate\\Container\\BoundMethod.php(36): App\\Jobs\\NotifyMangersWithJob->handle()\n#15 C:\\one\\htdocs\\Mine\\JCreatetask\\vendor\\laravel\\framework\\src\\Illuminate\\Container\\Util.php(40): Illuminate\\Container\\BoundMethod::Illuminate\\Container\\{closure}()\n#16 C:\\one\\htdocs\\Mine\\JCreatetask\\vendor\\laravel\\framework\\src\\Illuminate\\Container\\BoundMethod.php(93): Illuminate\\Container\\Util::unwrapIfClosure(Object(Closure))\n#17 C:\\one\\htdocs\\Mine\\JCreatetask\\vendor\\laravel\\framework\\src\\Illuminate\\Container\\BoundMethod.php(37): Illuminate\\Container\\BoundMethod::callBoundMethod(Object(Illuminate\\Foundation\\Application), Array, Object(Closure))\n#18 C:\\one\\htdocs\\Mine\\JCreatetask\\vendor\\laravel\\framework\\src\\Illuminate\\Container\\Container.php(653): Illuminate\\Container\\BoundMethod::call(Object(Illuminate\\Foundation\\Application), Array, Array, NULL)\n#19 C:\\one\\htdocs\\Mine\\JCreatetask\\vendor\\laravel\\framework\\src\\Illuminate\\Bus\\Dispatcher.php(128): Illuminate\\Container\\Container->call(Array)\n#20 C:\\one\\htdocs\\Mine\\JCreatetask\\vendor\\laravel\\framework\\src\\Illuminate\\Pipeline\\Pipeline.php(128): Illuminate\\Bus\\Dispatcher->Illuminate\\Bus\\{closure}(Object(App\\Jobs\\NotifyMangersWithJob))\n#21 C:\\one\\htdocs\\Mine\\JCreatetask\\vendor\\laravel\\framework\\src\\Illuminate\\Pipeline\\Pipeline.php(103): Illuminate\\Pipeline\\Pipeline->Illuminate\\Pipeline\\{closure}(Object(App\\Jobs\\NotifyMangersWithJob))\n#22 C:\\one\\htdocs\\Mine\\JCreatetask\\vendor\\laravel\\framework\\src\\Illuminate\\Bus\\Dispatcher.php(132): Illuminate\\Pipeline\\Pipeline->then(Object(Closure))\n#23 C:\\one\\htdocs\\Mine\\JCreatetask\\vendor\\laravel\\framework\\src\\Illuminate\\Queue\\CallQueuedHandler.php(120): Illuminate\\Bus\\Dispatcher->dispatchNow(Object(App\\Jobs\\NotifyMangersWithJob), false)\n#24 C:\\one\\htdocs\\Mine\\JCreatetask\\vendor\\laravel\\framework\\src\\Illuminate\\Pipeline\\Pipeline.php(128): Illuminate\\Queue\\CallQueuedHandler->Illuminate\\Queue\\{closure}(Object(App\\Jobs\\NotifyMangersWithJob))\n#25 C:\\one\\htdocs\\Mine\\JCreatetask\\vendor\\laravel\\framework\\src\\Illuminate\\Pipeline\\Pipeline.php(103): Illuminate\\Pipeline\\Pipeline->Illuminate\\Pipeline\\{closure}(Object(App\\Jobs\\NotifyMangersWithJob))\n#26 C:\\one\\htdocs\\Mine\\JCreatetask\\vendor\\laravel\\framework\\src\\Illuminate\\Queue\\CallQueuedHandler.php(122): Illuminate\\Pipeline\\Pipeline->then(Object(Closure))\n#27 C:\\one\\htdocs\\Mine\\JCreatetask\\vendor\\laravel\\framework\\src\\Illuminate\\Queue\\CallQueuedHandler.php(70): Illuminate\\Queue\\CallQueuedHandler->dispatchThroughMiddleware(Object(Illuminate\\Queue\\Jobs\\DatabaseJob), Object(App\\Jobs\\NotifyMangersWithJob))\n#28 C:\\one\\htdocs\\Mine\\JCreatetask\\vendor\\laravel\\framework\\src\\Illuminate\\Queue\\Jobs\\Job.php(98): Illuminate\\Queue\\CallQueuedHandler->call(Object(Illuminate\\Queue\\Jobs\\DatabaseJob), Array)\n#29 C:\\one\\htdocs\\Mine\\JCreatetask\\vendor\\laravel\\framework\\src\\Illuminate\\Queue\\Worker.php(428): Illuminate\\Queue\\Jobs\\Job->fire()\n#30 C:\\one\\htdocs\\Mine\\JCreatetask\\vendor\\laravel\\framework\\src\\Illuminate\\Queue\\Worker.php(378): Illuminate\\Queue\\Worker->process(\'database\', Object(Illuminate\\Queue\\Jobs\\DatabaseJob), Object(Illuminate\\Queue\\WorkerOptions))\n#31 C:\\one\\htdocs\\Mine\\JCreatetask\\vendor\\laravel\\framework\\src\\Illuminate\\Queue\\Worker.php(172): Illuminate\\Queue\\Worker->runJob(Object(Illuminate\\Queue\\Jobs\\DatabaseJob), \'database\', Object(Illuminate\\Queue\\WorkerOptions))\n#32 C:\\one\\htdocs\\Mine\\JCreatetask\\vendor\\laravel\\framework\\src\\Illuminate\\Queue\\Console\\WorkCommand.php(117): Illuminate\\Queue\\Worker->daemon(\'database\', \'default\', Object(Illuminate\\Queue\\WorkerOptions))\n#33 C:\\one\\htdocs\\Mine\\JCreatetask\\vendor\\laravel\\framework\\src\\Illuminate\\Queue\\Console\\WorkCommand.php(101): Illuminate\\Queue\\Console\\WorkCommand->runWorker(\'database\', \'default\')\n#34 C:\\one\\htdocs\\Mine\\JCreatetask\\vendor\\laravel\\framework\\src\\Illuminate\\Container\\BoundMethod.php(36): Illuminate\\Queue\\Console\\WorkCommand->handle()\n#35 C:\\one\\htdocs\\Mine\\JCreatetask\\vendor\\laravel\\framework\\src\\Illuminate\\Container\\Util.php(40): Illuminate\\Container\\BoundMethod::Illuminate\\Container\\{closure}()\n#36 C:\\one\\htdocs\\Mine\\JCreatetask\\vendor\\laravel\\framework\\src\\Illuminate\\Container\\BoundMethod.php(93): Illuminate\\Container\\Util::unwrapIfClosure(Object(Closure))\n#37 C:\\one\\htdocs\\Mine\\JCreatetask\\vendor\\laravel\\framework\\src\\Illuminate\\Container\\BoundMethod.php(37): Illuminate\\Container\\BoundMethod::callBoundMethod(Object(Illuminate\\Foundation\\Application), Array, Object(Closure))\n#38 C:\\one\\htdocs\\Mine\\JCreatetask\\vendor\\laravel\\framework\\src\\Illuminate\\Container\\Container.php(653): Illuminate\\Container\\BoundMethod::call(Object(Illuminate\\Foundation\\Application), Array, Array, NULL)\n#39 C:\\one\\htdocs\\Mine\\JCreatetask\\vendor\\laravel\\framework\\src\\Illuminate\\Console\\Command.php(136): Illuminate\\Container\\Container->call(Array)\n#40 C:\\one\\htdocs\\Mine\\JCreatetask\\vendor\\symfony\\console\\Command\\Command.php(298): Illuminate\\Console\\Command->execute(Object(Symfony\\Component\\Console\\Input\\ArgvInput), Object(Illuminate\\Console\\OutputStyle))\n#41 C:\\one\\htdocs\\Mine\\JCreatetask\\vendor\\laravel\\framework\\src\\Illuminate\\Console\\Command.php(121): Symfony\\Component\\Console\\Command\\Command->run(Object(Symfony\\Component\\Console\\Input\\ArgvInput), Object(Illuminate\\Console\\OutputStyle))\n#42 C:\\one\\htdocs\\Mine\\JCreatetask\\vendor\\symfony\\console\\Application.php(1005): Illuminate\\Console\\Command->run(Object(Symfony\\Component\\Console\\Input\\ArgvInput), Object(Symfony\\Component\\Console\\Output\\ConsoleOutput))\n#43 C:\\one\\htdocs\\Mine\\JCreatetask\\vendor\\symfony\\console\\Application.php(299): Symfony\\Component\\Console\\Application->doRunCommand(Object(Illuminate\\Queue\\Console\\WorkCommand), Object(Symfony\\Component\\Console\\Input\\ArgvInput), Object(Symfony\\Component\\Console\\Output\\ConsoleOutput))\n#44 C:\\one\\htdocs\\Mine\\JCreatetask\\vendor\\symfony\\console\\Application.php(171): Symfony\\Component\\Console\\Application->doRun(Object(Symfony\\Component\\Console\\Input\\ArgvInput), Object(Symfony\\Component\\Console\\Output\\ConsoleOutput))\n#45 C:\\one\\htdocs\\Mine\\JCreatetask\\vendor\\laravel\\framework\\src\\Illuminate\\Console\\Application.php(94): Symfony\\Component\\Console\\Application->run(Object(Symfony\\Component\\Console\\Input\\ArgvInput), Object(Symfony\\Component\\Console\\Output\\ConsoleOutput))\n#46 C:\\one\\htdocs\\Mine\\JCreatetask\\vendor\\laravel\\framework\\src\\Illuminate\\Foundation\\Console\\Kernel.php(129): Illuminate\\Console\\Application->run(Object(Symfony\\Component\\Console\\Input\\ArgvInput), Object(Symfony\\Component\\Console\\Output\\ConsoleOutput))\n#47 C:\\one\\htdocs\\Mine\\JCreatetask\\artisan(37): Illuminate\\Foundation\\Console\\Kernel->handle(Object(Symfony\\Component\\Console\\Input\\ArgvInput), Object(Symfony\\Component\\Console\\Output\\ConsoleOutput))\n#48 {main}', '2022-01-15 16:45:13');

-- --------------------------------------------------------

--
-- Table structure for table `jobmodels`
--

CREATE TABLE `jobmodels` (
  `id` bigint(20) UNSIGNED NOT NULL,
  `title` varchar(255) COLLATE utf8mb4_unicode_ci DEFAULT NULL,
  `description` text COLLATE utf8mb4_unicode_ci DEFAULT NULL,
  `status` int(11) NOT NULL DEFAULT 1,
  `user_id` bigint(20) UNSIGNED DEFAULT NULL,
  `created_at` timestamp NULL DEFAULT NULL,
  `updated_at` timestamp NULL DEFAULT NULL
) ENGINE=InnoDB DEFAULT CHARSET=utf8mb4 COLLATE=utf8mb4_unicode_ci;

--
-- Dumping data for table `jobmodels`
--

INSERT INTO `jobmodels` (`id`, `title`, `description`, `status`, `user_id`, `created_at`, `updated_at`) VALUES
(1, 'mng first job', 'mng first job description', 1, 3, '2022-01-15 15:39:18', '2022-01-15 15:39:18'),
(2, 'mng first job', 'mng first job description', 1, 3, '2022-01-15 15:40:35', '2022-01-15 15:40:35'),
(3, 'mng first job', 'mng first job description', 1, 3, '2022-01-15 15:41:18', '2022-01-15 15:41:18'),
(4, 'mng first job', 'mng first job description', 1, 3, '2022-01-15 16:36:08', '2022-01-15 16:36:08'),
(5, 'mng first job', 'mng first job description', 1, 3, '2022-01-15 16:40:31', '2022-01-15 16:40:31'),
(6, 'mng first job', 'mng first job description', 1, 3, '2022-01-15 16:42:16', '2022-01-15 16:42:16'),
(7, 'some title', 'some description', 1, 4, '2022-01-16 09:59:26', '2022-01-16 09:59:26'),
(8, 'Ratione totam quia qui voluptas.', 'Quo voluptas aliquam nihil sint nihil blanditiis aut.', 1, 3, '2022-01-16 09:59:28', '2022-01-16 09:59:28'),
(9, 'some title', 'some description', 1, 6, '2022-01-16 10:00:27', '2022-01-16 10:00:27'),
(10, 'Ipsa illum neque dolores ut quo aut et ut.', 'Aliquam quis aut tempora molestiae omnis ipsum.', 1, 2, '2022-01-16 10:00:28', '2022-01-16 10:00:28');

-- --------------------------------------------------------

--
-- Table structure for table `jobs`
--

CREATE TABLE `jobs` (
  `id` bigint(20) UNSIGNED NOT NULL,
  `queue` varchar(255) COLLATE utf8mb4_unicode_ci NOT NULL,
  `payload` longtext COLLATE utf8mb4_unicode_ci NOT NULL,
  `attempts` tinyint(3) UNSIGNED NOT NULL,
  `reserved_at` int(10) UNSIGNED DEFAULT NULL,
  `available_at` int(10) UNSIGNED NOT NULL,
  `created_at` int(10) UNSIGNED NOT NULL
) ENGINE=InnoDB DEFAULT CHARSET=utf8mb4 COLLATE=utf8mb4_unicode_ci;

--
-- Dumping data for table `jobs`
--

INSERT INTO `jobs` (`id`, `queue`, `payload`, `attempts`, `reserved_at`, `available_at`, `created_at`) VALUES
(4, 'default', '{\"uuid\":\"079d4672-6862-4198-8d74-de77d2a82a80\",\"displayName\":\"App\\\\Jobs\\\\NotifyMangersWithJob\",\"job\":\"Illuminate\\\\Queue\\\\CallQueuedHandler@call\",\"maxTries\":null,\"maxExceptions\":null,\"failOnTimeout\":false,\"backoff\":null,\"timeout\":null,\"retryUntil\":null,\"data\":{\"commandName\":\"App\\\\Jobs\\\\NotifyMangersWithJob\",\"command\":\"O:29:\\\"App\\\\Jobs\\\\NotifyMangersWithJob\\\":11:{s:4:\\\"data\\\";O:45:\\\"Illuminate\\\\Contracts\\\\Database\\\\ModelIdentifier\\\":4:{s:5:\\\"class\\\";s:15:\\\"App\\\\Models\\\\User\\\";s:2:\\\"id\\\";a:2:{i:0;i:3;i:1;i:4;}s:9:\\\"relations\\\";a:0:{}s:10:\\\"connection\\\";s:5:\\\"mysql\\\";}s:3:\\\"job\\\";N;s:10:\\\"connection\\\";N;s:5:\\\"queue\\\";N;s:15:\\\"chainConnection\\\";N;s:10:\\\"chainQueue\\\";N;s:19:\\\"chainCatchCallbacks\\\";N;s:5:\\\"delay\\\";N;s:11:\\\"afterCommit\\\";N;s:10:\\\"middleware\\\";a:0:{}s:7:\\\"chained\\\";a:0:{}}\"}}', 0, NULL, 1642334367, 1642334367),
(5, 'default', '{\"uuid\":\"34935478-7f47-44b6-95cf-45c4988b55b1\",\"displayName\":\"App\\\\Jobs\\\\NotifyMangersWithJob\",\"job\":\"Illuminate\\\\Queue\\\\CallQueuedHandler@call\",\"maxTries\":null,\"maxExceptions\":null,\"failOnTimeout\":false,\"backoff\":null,\"timeout\":null,\"retryUntil\":null,\"data\":{\"commandName\":\"App\\\\Jobs\\\\NotifyMangersWithJob\",\"command\":\"O:29:\\\"App\\\\Jobs\\\\NotifyMangersWithJob\\\":11:{s:4:\\\"data\\\";O:45:\\\"Illuminate\\\\Contracts\\\\Database\\\\ModelIdentifier\\\":4:{s:5:\\\"class\\\";s:15:\\\"App\\\\Models\\\\User\\\";s:2:\\\"id\\\";a:4:{i:0;i:3;i:1;i:4;i:2;i:5;i:3;i:6;}s:9:\\\"relations\\\";a:0:{}s:10:\\\"connection\\\";s:5:\\\"mysql\\\";}s:3:\\\"job\\\";N;s:10:\\\"connection\\\";N;s:5:\\\"queue\\\";N;s:15:\\\"chainConnection\\\";N;s:10:\\\"chainQueue\\\";N;s:19:\\\"chainCatchCallbacks\\\";N;s:5:\\\"delay\\\";N;s:11:\\\"afterCommit\\\";N;s:10:\\\"middleware\\\";a:0:{}s:7:\\\"chained\\\";a:0:{}}\"}}', 0, NULL, 1642334427, 1642334427);

-- --------------------------------------------------------

--
-- Table structure for table `migrations`
--

CREATE TABLE `migrations` (
  `id` int(10) UNSIGNED NOT NULL,
  `migration` varchar(255) COLLATE utf8mb4_unicode_ci NOT NULL,
  `batch` int(11) NOT NULL
) ENGINE=InnoDB DEFAULT CHARSET=utf8mb4 COLLATE=utf8mb4_unicode_ci;

--
-- Dumping data for table `migrations`
--

INSERT INTO `migrations` (`id`, `migration`, `batch`) VALUES
(1, '2014_10_12_000000_create_users_table', 1),
(2, '2014_10_12_100000_create_password_resets_table', 1),
(3, '2016_06_01_000001_create_oauth_auth_codes_table', 1),
(4, '2016_06_01_000002_create_oauth_access_tokens_table', 1),
(5, '2016_06_01_000003_create_oauth_refresh_tokens_table', 1),
(6, '2016_06_01_000004_create_oauth_clients_table', 1),
(7, '2016_06_01_000005_create_oauth_personal_access_clients_table', 1),
(8, '2019_08_19_000000_create_failed_jobs_table', 1),
(9, '2019_12_14_000001_create_personal_access_tokens_table', 1),
(10, '2022_01_15_154328_add_type_users_table', 1),
(11, '2022_01_15_173039_create_jobmodels_table', 1),
(12, '2022_01_15_173521_create_jobs_table', 2);

-- --------------------------------------------------------

--
-- Table structure for table `oauth_access_tokens`
--

CREATE TABLE `oauth_access_tokens` (
  `id` varchar(100) COLLATE utf8mb4_unicode_ci NOT NULL,
  `user_id` bigint(20) UNSIGNED DEFAULT NULL,
  `client_id` bigint(20) UNSIGNED NOT NULL,
  `name` varchar(255) COLLATE utf8mb4_unicode_ci DEFAULT NULL,
  `scopes` text COLLATE utf8mb4_unicode_ci DEFAULT NULL,
  `revoked` tinyint(1) NOT NULL,
  `created_at` timestamp NULL DEFAULT NULL,
  `updated_at` timestamp NULL DEFAULT NULL,
  `expires_at` datetime DEFAULT NULL
) ENGINE=InnoDB DEFAULT CHARSET=utf8mb4 COLLATE=utf8mb4_unicode_ci;

--
-- Dumping data for table `oauth_access_tokens`
--

INSERT INTO `oauth_access_tokens` (`id`, `user_id`, `client_id`, `name`, `scopes`, `revoked`, `created_at`, `updated_at`, `expires_at`) VALUES
('7cb6b589f3a78dd7469fdc15b971edfc330fc0068e4d569b7e8f2c6852a610fe5bcf9d3361438bbb', 3, 1, 'API Token', '[]', 0, '2022-01-15 15:34:35', '2022-01-15 15:34:35', '2023-01-15 17:34:35'),
('aa0e028121dceb25b358f2386d3a5df194126396d370ae308782eda0a73acc0ce9354db87daa99d7', 2, 1, 'API Token', '[]', 0, '2022-01-15 15:34:15', '2022-01-15 15:34:15', '2023-01-15 17:34:15'),
('ba10725af228a1bfbc93c9941ffb62e8f2df6297136744678d44e47f50703a6ce78936b0d974e348', 3, 1, 'API Token', '[]', 0, '2022-01-15 15:34:26', '2022-01-15 15:34:26', '2023-01-15 17:34:26');

-- --------------------------------------------------------

--
-- Table structure for table `oauth_auth_codes`
--

CREATE TABLE `oauth_auth_codes` (
  `id` varchar(100) COLLATE utf8mb4_unicode_ci NOT NULL,
  `user_id` bigint(20) UNSIGNED NOT NULL,
  `client_id` bigint(20) UNSIGNED NOT NULL,
  `scopes` text COLLATE utf8mb4_unicode_ci DEFAULT NULL,
  `revoked` tinyint(1) NOT NULL,
  `expires_at` datetime DEFAULT NULL
) ENGINE=InnoDB DEFAULT CHARSET=utf8mb4 COLLATE=utf8mb4_unicode_ci;

-- --------------------------------------------------------

--
-- Table structure for table `oauth_clients`
--

CREATE TABLE `oauth_clients` (
  `id` bigint(20) UNSIGNED NOT NULL,
  `user_id` bigint(20) UNSIGNED DEFAULT NULL,
  `name` varchar(255) COLLATE utf8mb4_unicode_ci NOT NULL,
  `secret` varchar(100) COLLATE utf8mb4_unicode_ci DEFAULT NULL,
  `provider` varchar(255) COLLATE utf8mb4_unicode_ci DEFAULT NULL,
  `redirect` text COLLATE utf8mb4_unicode_ci NOT NULL,
  `personal_access_client` tinyint(1) NOT NULL,
  `password_client` tinyint(1) NOT NULL,
  `revoked` tinyint(1) NOT NULL,
  `created_at` timestamp NULL DEFAULT NULL,
  `updated_at` timestamp NULL DEFAULT NULL
) ENGINE=InnoDB DEFAULT CHARSET=utf8mb4 COLLATE=utf8mb4_unicode_ci;

--
-- Dumping data for table `oauth_clients`
--

INSERT INTO `oauth_clients` (`id`, `user_id`, `name`, `secret`, `provider`, `redirect`, `personal_access_client`, `password_client`, `revoked`, `created_at`, `updated_at`) VALUES
(1, NULL, 'Laravel Personal Access Client', 'R338EfcsjXqudNsiqr6hvzW0VS7QbLStgY1S7oNv', NULL, 'http://localhost', 1, 0, 0, '2022-01-15 15:33:48', '2022-01-15 15:33:48'),
(2, NULL, 'Laravel Password Grant Client', 'klk30AU7oVU3i5mLqQRpLR9WdlOy3SFTWFBu0vTh', 'users', 'http://localhost', 0, 1, 0, '2022-01-15 15:33:48', '2022-01-15 15:33:48');

-- --------------------------------------------------------

--
-- Table structure for table `oauth_personal_access_clients`
--

CREATE TABLE `oauth_personal_access_clients` (
  `id` bigint(20) UNSIGNED NOT NULL,
  `client_id` bigint(20) UNSIGNED NOT NULL,
  `created_at` timestamp NULL DEFAULT NULL,
  `updated_at` timestamp NULL DEFAULT NULL
) ENGINE=InnoDB DEFAULT CHARSET=utf8mb4 COLLATE=utf8mb4_unicode_ci;

--
-- Dumping data for table `oauth_personal_access_clients`
--

INSERT INTO `oauth_personal_access_clients` (`id`, `client_id`, `created_at`, `updated_at`) VALUES
(1, 1, '2022-01-15 15:33:48', '2022-01-15 15:33:48');

-- --------------------------------------------------------

--
-- Table structure for table `oauth_refresh_tokens`
--

CREATE TABLE `oauth_refresh_tokens` (
  `id` varchar(100) COLLATE utf8mb4_unicode_ci NOT NULL,
  `access_token_id` varchar(100) COLLATE utf8mb4_unicode_ci NOT NULL,
  `revoked` tinyint(1) NOT NULL,
  `expires_at` datetime DEFAULT NULL
) ENGINE=InnoDB DEFAULT CHARSET=utf8mb4 COLLATE=utf8mb4_unicode_ci;

-- --------------------------------------------------------

--
-- Table structure for table `password_resets`
--

CREATE TABLE `password_resets` (
  `email` varchar(255) COLLATE utf8mb4_unicode_ci NOT NULL,
  `token` varchar(255) COLLATE utf8mb4_unicode_ci NOT NULL,
  `created_at` timestamp NULL DEFAULT NULL
) ENGINE=InnoDB DEFAULT CHARSET=utf8mb4 COLLATE=utf8mb4_unicode_ci;

-- --------------------------------------------------------

--
-- Table structure for table `personal_access_tokens`
--

CREATE TABLE `personal_access_tokens` (
  `id` bigint(20) UNSIGNED NOT NULL,
  `tokenable_type` varchar(255) COLLATE utf8mb4_unicode_ci NOT NULL,
  `tokenable_id` bigint(20) UNSIGNED NOT NULL,
  `name` varchar(255) COLLATE utf8mb4_unicode_ci NOT NULL,
  `token` varchar(64) COLLATE utf8mb4_unicode_ci NOT NULL,
  `abilities` text COLLATE utf8mb4_unicode_ci DEFAULT NULL,
  `last_used_at` timestamp NULL DEFAULT NULL,
  `created_at` timestamp NULL DEFAULT NULL,
  `updated_at` timestamp NULL DEFAULT NULL
) ENGINE=InnoDB DEFAULT CHARSET=utf8mb4 COLLATE=utf8mb4_unicode_ci;

-- --------------------------------------------------------

--
-- Table structure for table `users`
--

CREATE TABLE `users` (
  `id` bigint(20) UNSIGNED NOT NULL,
  `name` varchar(255) COLLATE utf8mb4_unicode_ci NOT NULL,
  `email` varchar(255) COLLATE utf8mb4_unicode_ci NOT NULL,
  `email_verified_at` timestamp NULL DEFAULT NULL,
  `password` varchar(255) COLLATE utf8mb4_unicode_ci NOT NULL,
  `remember_token` varchar(100) COLLATE utf8mb4_unicode_ci DEFAULT NULL,
  `created_at` timestamp NULL DEFAULT NULL,
  `updated_at` timestamp NULL DEFAULT NULL,
  `type` enum('manager','regular') COLLATE utf8mb4_unicode_ci NOT NULL
) ENGINE=InnoDB DEFAULT CHARSET=utf8mb4 COLLATE=utf8mb4_unicode_ci;

--
-- Dumping data for table `users`
--

INSERT INTO `users` (`id`, `name`, `email`, `email_verified_at`, `password`, `remember_token`, `created_at`, `updated_at`, `type`) VALUES
(2, 'regular', 'regular@example.com', NULL, '$2y$10$gMP7pDpkg.Yie1IL/1737uP2N6qM0eSQ8Yd1dz3N1ZEWnUCIn8GHa', NULL, '2022-01-15 15:34:15', '2022-01-15 15:34:15', 'regular'),
(3, 'manager', 'manager@example.com', NULL, '$2y$10$5ORU5DRc4SvufsSwoMIXA.dpiBNJCTcrn5FaDuP.loJ9e0N5N76Aa', NULL, '2022-01-15 15:34:26', '2022-01-15 15:34:26', 'manager'),
(4, 'Stephon Bernier', 'devon.ortiz@example.com', '2022-01-16 09:59:24', '$2y$10$0u..x7XHhdtcI3DA179gu.Kke7lNGC1cbPOosM6e37xwAKdKPOmjS', '4VfRIbjmZq', '2022-01-16 09:59:25', '2022-01-16 09:59:25', 'manager'),
(5, 'Fernando Lockman DDS', 'jerome62@example.org', '2022-01-16 09:59:29', '$2y$10$3.xYm9AVXvVkO6fS2d2VWuyqVeO9N4NG2Ko2VkxyDyVg022v8QI/C', 'j7KaaFQRVF', '2022-01-16 09:59:29', '2022-01-16 09:59:29', 'manager'),
(6, 'Ms. Carmella Prosacco', 'angelita.damore@example.org', '2022-01-16 10:00:27', '$2y$10$bhqgir427HKXEIktO1rWUOlDSCSXJj4gxjr0ZtCYp03O408LQ1j6e', 'Da1SekUeFt', '2022-01-16 10:00:27', '2022-01-16 10:00:27', 'manager'),
(7, 'Ivah Koepp', 'durgan.emmitt@example.org', '2022-01-16 10:00:28', '$2y$10$xdVN78Xa33N7o58HOEsv6.tUwQe4h47S3JsVSUCtDjOT0u0n6iieu', 'VEdteXjbkg', '2022-01-16 10:00:28', '2022-01-16 10:00:28', 'manager');

--
-- Indexes for dumped tables
--

--
-- Indexes for table `failed_jobs`
--
ALTER TABLE `failed_jobs`
  ADD PRIMARY KEY (`id`),
  ADD UNIQUE KEY `failed_jobs_uuid_unique` (`uuid`);

--
-- Indexes for table `jobmodels`
--
ALTER TABLE `jobmodels`
  ADD PRIMARY KEY (`id`);

--
-- Indexes for table `jobs`
--
ALTER TABLE `jobs`
  ADD PRIMARY KEY (`id`),
  ADD KEY `jobs_queue_index` (`queue`);

--
-- Indexes for table `migrations`
--
ALTER TABLE `migrations`
  ADD PRIMARY KEY (`id`);

--
-- Indexes for table `oauth_access_tokens`
--
ALTER TABLE `oauth_access_tokens`
  ADD PRIMARY KEY (`id`),
  ADD KEY `oauth_access_tokens_user_id_index` (`user_id`);

--
-- Indexes for table `oauth_auth_codes`
--
ALTER TABLE `oauth_auth_codes`
  ADD PRIMARY KEY (`id`),
  ADD KEY `oauth_auth_codes_user_id_index` (`user_id`);

--
-- Indexes for table `oauth_clients`
--
ALTER TABLE `oauth_clients`
  ADD PRIMARY KEY (`id`),
  ADD KEY `oauth_clients_user_id_index` (`user_id`);

--
-- Indexes for table `oauth_personal_access_clients`
--
ALTER TABLE `oauth_personal_access_clients`
  ADD PRIMARY KEY (`id`);

--
-- Indexes for table `oauth_refresh_tokens`
--
ALTER TABLE `oauth_refresh_tokens`
  ADD PRIMARY KEY (`id`),
  ADD KEY `oauth_refresh_tokens_access_token_id_index` (`access_token_id`);

--
-- Indexes for table `password_resets`
--
ALTER TABLE `password_resets`
  ADD KEY `password_resets_email_index` (`email`);

--
-- Indexes for table `personal_access_tokens`
--
ALTER TABLE `personal_access_tokens`
  ADD PRIMARY KEY (`id`),
  ADD UNIQUE KEY `personal_access_tokens_token_unique` (`token`),
  ADD KEY `personal_access_tokens_tokenable_type_tokenable_id_index` (`tokenable_type`,`tokenable_id`);

--
-- Indexes for table `users`
--
ALTER TABLE `users`
  ADD PRIMARY KEY (`id`),
  ADD UNIQUE KEY `users_email_unique` (`email`);

--
-- AUTO_INCREMENT for dumped tables
--

--
-- AUTO_INCREMENT for table `failed_jobs`
--
ALTER TABLE `failed_jobs`
  MODIFY `id` bigint(20) UNSIGNED NOT NULL AUTO_INCREMENT, AUTO_INCREMENT=4;

--
-- AUTO_INCREMENT for table `jobmodels`
--
ALTER TABLE `jobmodels`
  MODIFY `id` bigint(20) UNSIGNED NOT NULL AUTO_INCREMENT, AUTO_INCREMENT=11;

--
-- AUTO_INCREMENT for table `jobs`
--
ALTER TABLE `jobs`
  MODIFY `id` bigint(20) UNSIGNED NOT NULL AUTO_INCREMENT, AUTO_INCREMENT=6;

--
-- AUTO_INCREMENT for table `migrations`
--
ALTER TABLE `migrations`
  MODIFY `id` int(10) UNSIGNED NOT NULL AUTO_INCREMENT, AUTO_INCREMENT=13;

--
-- AUTO_INCREMENT for table `oauth_clients`
--
ALTER TABLE `oauth_clients`
  MODIFY `id` bigint(20) UNSIGNED NOT NULL AUTO_INCREMENT, AUTO_INCREMENT=3;

--
-- AUTO_INCREMENT for table `oauth_personal_access_clients`
--
ALTER TABLE `oauth_personal_access_clients`
  MODIFY `id` bigint(20) UNSIGNED NOT NULL AUTO_INCREMENT, AUTO_INCREMENT=2;

--
-- AUTO_INCREMENT for table `personal_access_tokens`
--
ALTER TABLE `personal_access_tokens`
  MODIFY `id` bigint(20) UNSIGNED NOT NULL AUTO_INCREMENT;

--
-- AUTO_INCREMENT for table `users`
--
ALTER TABLE `users`
  MODIFY `id` bigint(20) UNSIGNED NOT NULL AUTO_INCREMENT, AUTO_INCREMENT=8;
COMMIT;

/*!40101 SET CHARACTER_SET_CLIENT=@OLD_CHARACTER_SET_CLIENT */;
/*!40101 SET CHARACTER_SET_RESULTS=@OLD_CHARACTER_SET_RESULTS */;
/*!40101 SET COLLATION_CONNECTION=@OLD_COLLATION_CONNECTION */;
